"group","parameter","truth","n_sim","n_covered","coverage","bias","mse","rmse","mean_ci_width","max_rhat"
"Susceptibility","phi[1]",1.08980037402953,5,5,1,0.0339212855921719,0.0214211556729179,0.146359679122762,0.492891300532777,1.30838304598666
"Susceptibility","phi[2]",1.67204988000556,5,4,0.8,-0.378520031777461,0.166539192064087,0.408092136733958,0.820792038144022,1.00489907768886
"Susceptibility","phi[3]",0.399096640584437,5,5,1,-0.00655846309631948,0.0180999355243519,0.134536000848665,0.786234274322186,1.01138534505103
"Departure age","gamma[1]",3.65560653400874,5,3,0.6,0.0142303860988209,0.00351883141907286,0.0593197388655147,0.134102644338561,1.41315861166317
"Departure age","gamma[2]",-0.314047695504021,5,5,1,-0.00853321081268549,0.00201801210502188,0.0449222896235475,0.149362585858195,1.12527170560545
"Departure age","gamma[3]",-0.0494202519535815,5,5,1,-0.01867098230523,0.00147317659535097,0.0383819826917653,0.141410024619354,1.07668540249125
"Departure age","sigma_alpha",0.28604674544834,5,5,1,-0.0323048316560364,0.00111157475398738,0.0333402872511228,0.0799117802926841,1.16150960644494
"Speed","psi[1]",0.0882426605274592,5,4,0.8,-0.0114714307177575,0.00879400031788241,0.0937763313308982,0.274997776356955,1.09385698543101
"Speed","psi[2]",-0.102095065486953,5,5,1,-0.0539349637888095,0.00469202051271953,0.0684983248898798,0.254775061456639,1.10186837459803
"Speed","sigma_delta",0.460090089903238,5,4,0.8,0.068219961021794,0.00587690263587991,0.0766609590070455,0.220160836459191,1.26727797347969
"Floor","mu_b",0.584557635418273,5,4,0.8,-0.00097701169754345,1.42194591549981e-05,0.00377086981411426,0.00931110091414045,1.36675035975266
"Floor","sigma_b",0.0592644146894745,5,5,1,0.00364160439185402,1.72768041635865e-05,0.00415653752101271,0.0152131989974314,1.03507570658577
"Curves","theta[2]",-6.21263390401872,5,5,1,-0.0535332228536598,0.279240232848872,0.528431862068206,4.60711180333189,1.05351209672096
"Curves","theta[3]",-6.10859599224206,5,4,0.8,0.108527673905705,0.32468117364489,0.569808014725039,1.94855435983312,1.23423305585808
"Curves","theta[4]",-3.28680662034023,5,5,1,0.0725994969349541,0.0402519035238318,0.200628770428949,0.807944968009001,1.04228581740126
"Curves","theta[5]",-3.55155868445867,5,5,1,0.00484412844621859,0.0380320797769683,0.195018152429378,0.689112780727759,1.18770859405451
"Curves","theta[6]",-3.95995104089809,5,5,1,-0.11099055140611,0.0340552794102486,0.18454072561429,0.79120050856969,1.07416284413242
"Curves","theta[7]",-4.77873484532785,5,5,1,0.0893676590805487,0.125120722545593,0.353724076853122,1.16853384358947,1.04037527495859
"Curves","theta[8]",-6.16014409410485,5,5,1,-0.213790740805267,0.0998280156260004,0.315955717824508,2.22117163343251,1.00475810423609
"Curves","theta[9]",-6.62907904171289,5,5,1,-0.450835390754948,0.330520612701138,0.574909221269878,5.72543352956519,1.0131797990809
"Curves","theta[10]",-6.74688031695603,5,5,1,-0.498088963697432,0.380509717352902,0.616854697115051,9.07859343727923,1.01074604864673
"Curves","nu[1]",-3.69613852516331,5,5,1,-0.227180784720231,0.0756129329647536,0.274978059060634,1.84717286168295,1.00064152941505
"Curves","nu[2]",-3.79376255882412,5,5,1,-0.197327645402892,0.0762016220229497,0.276046412805799,1.10256497773061,1.0007529873648
"Curves","nu[3]",-3.93266971634652,5,5,1,0.0657551795969295,0.00972302846941369,0.0986054180530344,0.449296764304064,1.0054153248037
"Curves","nu[4]",-3.71282936723986,5,5,1,-0.0469483106222434,0.00481186261099647,0.0693675904943834,0.300987268495008,1.02396800309288
"Curves","nu[5]",-3.0422651272377,5,5,1,-0.0311128233097119,0.00790628136592796,0.0889172725960933,0.42392300886177,1.01012193205111
"Curves","nu[6]",-2.41881697139963,5,5,1,-0.00972010898834376,0.00384513783763598,0.0620091754310278,0.56790663720601,1.00546533211803
"Curves","nu[7]",-2.52509311102694,5,5,1,-0.0402273394878472,0.0108043159845479,0.103943811670286,0.660275178457231,1.00292878286435
"Curves","nu[8]",-2.80128861364702,5,5,1,0.0318582541420259,0.0483117895791357,0.219799430343065,1.54077851041824,1.00161358656827
"Speed","z[i] (mean over subjects)",NA,5,NA,0.926067211625795,-0.0156177913325788,0.785663176383569,0.886376430408418,NA,NA
