"scenario","rep","group","parameter","truth","median","lo","hi","covered","error","sq_error","rhat"
"baseline",1,"Susceptibility","phi[1]",1.08980037402953,1.0960524868198,0.861736827366059,1.35565852784567,1,0.0062521127902655,3.90889143422014e-05,1.03639629935144
"baseline",1,"Susceptibility","phi[2]",1.67204988000556,1.35469480958201,0.935186942371709,1.77019218634926,1,-0.31735507042355,0.100714240723536,1.0034843766148
"baseline",1,"Susceptibility","phi[3]",0.399096640584437,0.530604867971125,0.126511133600535,0.9222924911938,1,0.131508227386689,0.017294413870389,0.999989654618297
"baseline",1,"Departure age","gamma[1]",3.65560653400874,3.74373504933397,3.68962190225341,3.79038808133665,0,0.0881285153252325,0.00776663521342973,1.01049732788302
"baseline",1,"Departure age","gamma[2]",-0.314047695504021,-0.334727483065946,-0.409087093040265,-0.267678396891228,1,-0.0206797875619251,0.000427653613606353,1.0208662407718
"baseline",1,"Departure age","gamma[3]",-0.0494202519535815,-0.0949805329310066,-0.163628793453277,-0.0278449783725925,1,-0.0455602809774251,0.00207573920274192,1.00593525389346
"baseline",1,"Departure age","sigma_alpha",0.28604674544834,0.249153692886121,0.214097897292263,0.291742693111049,1,-0.0368930525622189,0.00136109732735865,1.01770206463867
"baseline",1,"Speed","psi[1]",0.0882426605274592,-0.0677096348734386,-0.202833208210291,0.0675836049463588,0,-0.155952295400898,0.0243211184408089,1.01026533044219
"baseline",1,"Speed","psi[2]",-0.102095065486953,-0.170207855059381,-0.307096474592683,-0.0403803766436526,1,-0.0681127895724277,0.00463935210333781,1.01157083166788
"baseline",1,"Speed","sigma_delta",0.460090089903238,0.526407180327954,0.39397855366374,0.636254709367002,1,0.0663170904247162,0.00439795648239998,1.02504219803021
"baseline",1,"Floor","mu_b",0.584557635418273,0.588571496015568,0.584842744251393,0.592150497154999,0,0.00401386059729458,1.6111076894514e-05,1.01513188058803
"baseline",1,"Floor","sigma_b",0.0592644146894745,0.0660866169512103,0.0587273873547906,0.0754066917636241,1,0.00682220226173588,4.65424437000341e-05,1.01979573124835
"baseline",1,"Curves","theta[2]",-6.21263390401872,-6.12817409649347,-8.74274653387526,-3.99750124688821,1,0.0844598075252483,0.00713345908720199,1.00602462569134
"baseline",1,"Curves","theta[3]",-6.10859599224206,-5.87519257514771,-6.89452255974544,-4.88603725562711,1,0.233403417094349,0.0544771551113188,1.01513479578002
"baseline",1,"Curves","theta[4]",-3.28680662034023,-3.17029161785315,-3.57062228119527,-2.71356035524729,1,0.116515002487078,0.0135757458045638,1.00252659203811
"baseline",1,"Curves","theta[5]",-3.55155868445867,-3.3856681076928,-3.73516590081218,-3.0779739964087,1,0.165890576765873,0.0275196834597141,1.00426884245017
"baseline",1,"Curves","theta[6]",-3.95995104089809,-4.13819433538754,-4.52307448753849,-3.74364483722398,1,-0.178243294489455,0.0317706720304546,1.00094083242894
"baseline",1,"Curves","theta[7]",-4.77873484532785,-4.46638828080364,-5.07088360393923,-3.89925693150738,1,0.312346564524215,0.0975603763700794,1.00298704776409
"baseline",1,"Curves","theta[8]",-6.16014409410485,-6.03489745038649,-7.10317675985829,-4.84427788962472,1,0.125246643718356,0.0156867217627127,1.00188018022756
"baseline",1,"Curves","theta[9]",-6.62907904171289,-7.09760474130825,-11.2033057581919,-5.38916611858174,1,-0.468525699595368,0.219516331181329,1.00528905537187
"baseline",1,"Curves","theta[10]",-6.74688031695603,-7.26182162090205,-12.6499874703523,-4.10604812378288,1,-0.514941303946021,0.265164546509628,1.0031812411095
"baseline",1,"Curves","nu[1]",-3.69613852516331,-3.75553564877546,-4.63672411655997,-2.84798446519308,1,-0.0593971236121513,0.00352801829339718,1.00005210926755
"baseline",1,"Curves","nu[2]",-3.79376255882412,-3.78963160318464,-4.3306817172874,-3.24077793825727,1,0.00413095563948485,1.70647944953917e-05,1.00008759632418
"baseline",1,"Curves","nu[3]",-3.93266971634652,-3.88104977479269,-4.10838839590972,-3.651851414219,1,0.0516199415538341,0.00266461836602125,1.00057130011974
"baseline",1,"Curves","nu[4]",-3.71282936723986,-3.73483404818308,-3.87892344777647,-3.59243246411057,1,-0.0220046809432173,0.00048420598341279,1.00029767086389
"baseline",1,"Curves","nu[5]",-3.0422651272377,-3.00107719765363,-3.21317453259634,-2.7876539703155,1,0.0411879295840687,0.0016964455434222,1.00110499666583
"baseline",1,"Curves","nu[6]",-2.41881697139963,-2.49232310547818,-2.77530957338851,-2.20707069183476,1,-0.0735061340785501,0.00540315174717379,1.0001364379852
"baseline",1,"Curves","nu[7]",-2.52509311102694,-2.53658001817849,-2.87184410298477,-2.19901889487012,1,-0.0114869071515491,0.00013194903590831,1.00023578675905
"baseline",1,"Curves","nu[8]",-2.80128861364702,-2.82277174469181,-3.56029214072104,-2.08129651890647,1,-0.0214831310447852,0.000461524919487412,1.00024876435699
"baseline",1,"Speed","z[i] (mean over subjects)",NA,NA,NA,NA,0.93732970027248,-0.0372249933483478,0.781986468796223,NA
"baseline",2,"Susceptibility","phi[1]",1.08980037402953,1.01828102385381,0.754663679017689,1.36894711683165,1,-0.071519350175725,0.00511501744955797,1.2062033131464
"baseline",2,"Susceptibility","phi[2]",1.67204988000556,1.53460254110561,1.10498721496135,1.97648839597125,1,-0.137447338899958,0.0188917709706798,1.03670980422304
"baseline",2,"Susceptibility","phi[3]",0.399096640584437,0.411037335688087,0.00446249607516336,0.823914633846732,1,0.0119406951036504,0.00014258019955834,1.02392616861945
"baseline",2,"Departure age","gamma[1]",3.65560653400874,3.64257413200879,3.48720451306431,3.7076827917733,1,-0.013032401999943,0.000169843501888119,1.27486836522668
"baseline",2,"Departure age","gamma[2]",-0.314047695504021,-0.248696914146113,-0.327433200297185,-0.16998088088452,1,0.0653507813579076,0.00427072462408904,1.00054794232964
"baseline",2,"Departure age","gamma[3]",-0.0494202519535815,-0.0332339089417138,-0.127154540252156,0.0418886523210825,1,0.0161863430118678,0.00026199770009784,1.06199635620766
"baseline",2,"Departure age","sigma_alpha",0.28604674544834,0.25617210656389,0.212855896365481,0.309273052051946,1,-0.0298746388844501,0.000892494048476297,1.07125428640371
"baseline",2,"Speed","psi[1]",0.0882426605274592,0.140165865583048,-0.0054723597230534,0.307990436606471,1,0.0519232050555883,0.00269601922324467,1.0294506576618
"baseline",2,"Speed","psi[2]",-0.102095065486953,-0.217303628485984,-0.374675607034669,-0.0645286446652522,1,-0.115208562999031,0.0132730129883016,1.07060326280479
"baseline",2,"Speed","sigma_delta",0.460090089903238,0.570105761251912,0.39594863295296,0.732827228419884,1,0.110015671348674,0.0121034479422995,1.14665404445771
"baseline",2,"Floor","mu_b",0.584557635418273,0.583502630365157,0.57448760477627,0.588542467950954,1,-0.00105500505311595,1.1130356621002e-06,1.24837305163673
"baseline",2,"Floor","sigma_b",0.0592644146894745,0.0616696738472368,0.0552505954758601,0.0693288391163294,1,0.00240525915776237,5.78527161599972e-06,1.00101112638576
"baseline",2,"Curves","theta[2]",-6.21263390401872,-6.42912813020651,-9.08392237479435,-4.2831930961936,1,-0.21649422618779,0.0468697499726501,1.04419894506102
"baseline",2,"Curves","theta[3]",-6.10859599224206,-6.25443013482234,-7.55518227847672,-4.92415487218508,1,-0.145834142580276,0.0212675971421243,1.14927227125461
"baseline",2,"Curves","theta[4]",-3.28680662034023,-3.05211230011876,-3.55713851185505,-2.5361616309611,1,0.23469432022147,0.0550814239442181,1.03924007313082
"baseline",2,"Curves","theta[5]",-3.55155868445867,-3.77274898093416,-4.210610557313,-3.37266021464484,1,-0.221190296475489,0.0489251472549147,1.06146974181625
"baseline",2,"Curves","theta[6]",-3.95995104089809,-3.94861764964132,-4.41779691408969,-3.5086771053054,1,0.0113333912567697,0.000128445757379024,1.03753901329504
"baseline",2,"Curves","theta[7]",-4.77873484532785,-4.94062734402292,-5.62953158014804,-4.29658349678347,1,-0.161892498695067,0.0262091811337321,1.03653012763347
"baseline",2,"Curves","theta[8]",-6.16014409410485,-6.30153328683949,-7.71097206595918,-5.0646318582858,1,-0.141389192734642,0.0199909038221537,1.0294052289627
"baseline",2,"Curves","theta[9]",-6.62907904171289,-7.00517530573237,-10.4403287868896,-5.06833593976813,1,-0.376096264019483,0.141448399809413,1.00952867825154
"baseline",2,"Curves","theta[10]",-6.74688031695603,-7.25908047043906,-13.003693142872,-3.62583199608936,1,-0.512200153483023,0.262348997228032,1.00484912101584
"baseline",2,"Curves","nu[1]",-3.69613852516331,-3.73941864327101,-4.67314748281381,-2.80460111656617,1,-0.043280118107702,0.00187316862341664,1.00000525566869
"baseline",2,"Curves","nu[2]",-3.79376255882412,-3.74955753260867,-4.3104177985862,-3.18754427260775,1,0.0442050262154532,0.0019540843427089,1.00036919227572
"baseline",2,"Curves","nu[3]",-3.93266971634652,-3.80008464787809,-4.01717689913185,-3.58496001996208,1,0.132585068468432,0.0175788003807789,1.00057198507364
"baseline",2,"Curves","nu[4]",-3.71282936723986,-3.80262843195376,-3.95051619365755,-3.65342262487144,1,-0.0897990647138949,0.00806387202349028,1.00542121678752
"baseline",2,"Curves","nu[5]",-3.0422651272377,-2.99263968659582,-3.2042345084013,-2.78416601741303,1,0.0496254406418815,0.0024626843589009,1.0034424801887
"baseline",2,"Curves","nu[6]",-2.41881697139963,-2.46865913391734,-2.75159503132967,-2.17957619901856,1,-0.0498421625177117,0.00248424116444198,1.00415979176336
"baseline",2,"Curves","nu[7]",-2.52509311102694,-2.48323118363594,-2.82572094186584,-2.1479886731791,1,0.0418619273910044,0.00175242096488972,1.00159234495874
"baseline",2,"Curves","nu[8]",-2.80128861364702,-2.64008001382815,-3.43313958428971,-1.82805235477583,1,0.161208599818872,0.0259882126555611,1.00028751687232
"baseline",2,"Speed","z[i] (mean over subjects)",NA,NA,NA,NA,0.924613987284287,-0.0206428930345555,0.823724480004299,NA
"baseline",3,"Susceptibility","phi[1]",1.08980037402953,0.960541356412662,0.749507125927366,1.18037195591638,1,-0.129259017616869,0.016707893635278,1.03094526583474
"baseline",3,"Susceptibility","phi[2]",1.67204988000556,1.03574319304203,0.649797836150018,1.41986811229687,0,-0.636306686963538,0.404886199874514,1.00111688726967
"baseline",3,"Susceptibility","phi[3]",0.399096640584437,0.219184590239318,-0.137501754208478,0.586807692516524,1,-0.179912050345119,0.0323683458593847,1.00314550785741
"baseline",3,"Departure age","gamma[1]",3.65560653400874,3.69114849346828,3.62322967930798,3.73819925957056,1,0.0355419594595419,0.00126323088222372,1.06739737900616
"baseline",3,"Departure age","gamma[2]",-0.314047695504021,-0.361661671748594,-0.443060555160473,-0.287922580800969,1,-0.0476139762445735,0.00226709073381881,1.00259514792991
"baseline",3,"Departure age","gamma[3]",-0.0494202519535815,-0.0955301931956196,-0.167597623229347,-0.027499800519449,1,-0.0461099412420381,0.00212612668134421,1.00858208765168
"baseline",3,"Departure age","sigma_alpha",0.28604674544834,0.270616567928622,0.233555813052824,0.313620923086589,1,-0.0154301775197178,0.000238090378290003,1.01579247739483
"baseline",3,"Speed","psi[1]",0.0882426605274592,0.018936467400012,-0.104423801989803,0.155701156837966,1,-0.0693061931274472,0.00480334840581901,1.0400063295191
"baseline",3,"Speed","psi[2]",-0.102095065486953,-0.170118178458411,-0.291794000002895,-0.0389149817477019,1,-0.0680231129714574,0.00462714389832765,1.01976977810899
"baseline",3,"Speed","sigma_delta",0.460090089903238,0.476675562308985,0.376107686211314,0.591492664344322,1,0.0165854724057472,0.000275077894921802,1.03392105284232
"baseline",3,"Floor","mu_b",0.584557635418273,0.585256468510552,0.580939294702521,0.589298012722086,1,0.000698833092278917,4.88367690864113e-07,1.04838178559347
"baseline",3,"Floor","sigma_b",0.0592644146894745,0.0613001382064321,0.054927087589416,0.0690639544141681,1,0.00203572351695762,4.1441702374943e-06,1.01468776814523
"baseline",3,"Curves","theta[2]",-6.21263390401872,-5.73177743878995,-8.32197602308302,-3.79231851366907,1,0.480856465228769,0.231222940152306,1.00988538455436
"baseline",3,"Curves","theta[3]",-6.10859599224206,-5.39841533160718,-6.41996303149966,-4.28290997535693,1,0.710180660634885,0.504356570739801,1.04212134833799
"baseline",3,"Curves","theta[4]",-3.28680662034023,-3.4125845729307,-3.80707164865558,-3.00388023286649,1,-0.125777952590465,0.0158200933578493,1.0154943361609
"baseline",3,"Curves","theta[5]",-3.55155868445867,-3.47626755294766,-3.78800629008677,-3.16401401692981,1,0.0752911315110096,0.00566875448420815,1.00842350926066
"baseline",3,"Curves","theta[6]",-3.95995104089809,-4.27380657318974,-4.63719899358527,-3.92017564541073,1,-0.313855532291648,0.0985052951500739,1.00169273634824
"baseline",3,"Curves","theta[7]",-4.77873484532785,-4.36957165645612,-4.89310644176877,-3.84764049749415,1,0.409163188871728,0.167414515127682,1.01546550272601
"baseline",3,"Curves","theta[8]",-6.16014409410485,-6.46605759991577,-7.43532197242398,-5.57306542914059,1,-0.305913505810922,0.0935830730375292,1.00017169969871
"baseline",3,"Curves","theta[9]",-6.62907904171289,-6.54169808802039,-8.50820573540791,-5.15681275951612,1,0.0873809536924997,0.00763543106821077,1.00446389875458
"baseline",3,"Curves","theta[10]",-6.74688031695603,-6.69675590896895,-10.3680558803627,-4.29255811443783,1,0.0501244079870835,0.0025124562760556,1.00078374192285
"baseline",3,"Curves","nu[1]",-3.69613852516331,-4.10273681789759,-5.03942807550576,-3.17377928470461,1,-0.406598292734279,0.165322171654431,1.0001483819154
"baseline",3,"Curves","nu[2]",-3.79376255882412,-4.22815153139473,-4.77340415112979,-3.66382316308878,1,-0.434388972570614,0.188693779490953,0.999955164933137
"baseline",3,"Curves","nu[3]",-3.93266971634652,-3.91512352070425,-4.14392483603658,-3.68311852860134,1,0.0175461956422676,0.000307868981516729,1.00054661895021
"baseline",3,"Curves","nu[4]",-3.71282936723986,-3.70583731229724,-3.86509055916626,-3.55031500044783,1,0.00699205494261923,4.8888832320606e-05,1.00230897092983
"baseline",3,"Curves","nu[5]",-3.0422651272377,-3.20701502084263,-3.41995088978598,-2.99466925414843,1,-0.164749893604931,0.0271425274428361,1.00111982626745
"baseline",3,"Curves","nu[6]",-2.41881697139963,-2.31868151769887,-2.60413123188046,-2.03425797193304,1,0.100135453700755,0.0100271090878561,0.999998225850106
"baseline",3,"Curves","nu[7]",-2.52509311102694,-2.74631195043045,-3.07235464729037,-2.41930125916571,1,-0.221218839403509,0.0489377749070356,1.00053519376361
"baseline",3,"Curves","nu[8]",-2.80128861364702,-3.18506897246102,-3.95908453355936,-2.35107453407938,1,-0.383780358813997,0.1472873638114,1.00066487530818
"baseline",3,"Speed","z[i] (mean over subjects)",NA,NA,NA,NA,0.939146230699364,0.00847104318272034,0.759617961809226,NA
"baseline",4,"Susceptibility","phi[1]",1.08980037402953,1.19798272548882,0.976260671642405,1.43696149303773,1,0.108182351459287,0.0117034211672607,1.00218242195178
"baseline",4,"Susceptibility","phi[2]",1.67204988000556,1.29910938067572,0.90104931950821,1.72630381794933,1,-0.372940499329844,0.139084616040393,1.00132333206837
"baseline",4,"Susceptibility","phi[3]",0.399096640584437,0.558654073208673,0.168171307123955,0.943384490285654,1,0.159557432624236,0.0254585743056378,1.00598538939044
"baseline",4,"Departure age","gamma[1]",3.65560653400874,3.69832466645474,3.64293911116809,3.74057600734711,1,0.0427181324460055,0.00182483883967447,1.02336569741056
"baseline",4,"Departure age","gamma[2]",-0.314047695504021,-0.300890991707384,-0.3699574201865,-0.237136145374592,1,0.0131567037966372,0.000173098854792448,1.01459491752995
"baseline",4,"Departure age","gamma[3]",-0.0494202519535815,-0.0240059941569789,-0.0820416307082518,0.0369515633856587,1,0.0254142577966026,0.000645884499352177,1.01223994935477
"baseline",4,"Departure age","sigma_alpha",0.28604674544834,0.249437191422706,0.218811026438894,0.288365405849172,1,-0.0366095540256345,0.00134025944595585,1.00050541165062
"baseline",4,"Speed","psi[1]",0.0882426605274592,0.100308310359272,-0.0271813612361356,0.230663449147081,1,0.0120656498318125,0.000145579905863917,1.04171950124245
"baseline",4,"Speed","psi[2]",-0.102095065486953,-0.094238688525166,-0.219720891642019,0.0380978005155383,1,0.00785637696178734,6.17226589657029e-05,1.00123172671413
"baseline",4,"Speed","sigma_delta",0.460090089903238,0.506313668445764,0.424377295549174,0.595813581916852,1,0.0462235785425263,0.0021366192132771,1.14082775118584
"baseline",4,"Floor","mu_b",0.584557635418273,0.583305740679697,0.57899771028875,0.587057987110891,1,-0.00125189473857668,1.56724043647596e-06,1.0019584416086
"baseline",4,"Floor","sigma_b",0.0592644146894745,0.0607402069432898,0.0538260143341631,0.0688946305238968,1,0.00147579225381536,2.17796277642142e-06,1.00098333941368
"baseline",4,"Curves","theta[2]",-6.21263390401872,-5.81186533913954,-8.30386444088815,-3.84649145547049,1,0.400768564879175,0.160615442595313,1.00256684555501
"baseline",4,"Curves","theta[3]",-6.10859599224206,-5.49937511152474,-6.32833974118208,-4.68049398484165,1,0.609220880717319,0.371150081501986,1.01660421714358
"baseline",4,"Curves","theta[4]",-3.28680662034023,-3.48260208993923,-3.85573916086864,-3.13590699387006,1,-0.195795469598995,0.0383358659154909,1.00062401405529
"baseline",4,"Curves","theta[5]",-3.55155868445867,-3.29929046424509,-3.62177774265406,-2.98182305136559,1,0.252268220213585,0.0636392549297296,1.00164437595686
"baseline",4,"Curves","theta[6]",-3.95995104089809,-4.13571353223766,-4.51043328478594,-3.75317352086422,1,-0.175762491339572,0.0308924533618932,1.0038298286386
"baseline",4,"Curves","theta[7]",-4.77873484532785,-4.41027345021105,-4.97028557105609,-3.90586294103547,1,0.3684613951168,0.135763799691418,1.01225705579567
"baseline",4,"Curves","theta[8]",-6.16014409410485,-6.3479084398553,-7.33112517872997,-5.27250378040146,1,-0.187764345750453,0.0352554495350956,1.00789045757419
"baseline",4,"Curves","theta[9]",-6.62907904171289,-7.05075434839068,-10.5527495807253,-5.571782102527,1,-0.421675306677791,0.177810064261809,1.00302052674068
"baseline",4,"Curves","theta[10]",-6.74688031695603,-7.16724493786155,-12.9022831580806,-4.12909432290842,1,-0.420364620905517,0.176706414509039,1.00304236359034
"baseline",4,"Curves","nu[1]",-3.69613852516331,-3.9429280291553,-4.87877558896299,-3.00410174606152,1,-0.246789503991993,0.0609050592806138,1.0000940481493
"baseline",4,"Curves","nu[2]",-3.79376255882412,-4.03559006552671,-4.60378751761215,-3.44618810192756,1,-0.241827506702593,0.0584805429979924,1.00029913353166
"baseline",4,"Curves","nu[3]",-3.93266971634652,-3.77861963985426,-4.00382940771199,-3.55456076388361,1,0.154050076492264,0.0237314260672724,1.00475044101034
"baseline",4,"Curves","nu[4]",-3.71282936723986,-3.82385246414836,-3.97871528122589,-3.66803012918686,1,-0.111023096908499,0.0123261280471539,1.00678846167512
"baseline",4,"Curves","nu[5]",-3.0422651272377,-3.03050027886798,-3.23976177906996,-2.82093077819865,1,0.0117648483697224,0.000138411657162559,1.0006683404146
"baseline",4,"Curves","nu[6]",-2.41881697139963,-2.4504300715357,-2.72960127937476,-2.17260051556142,1,-0.0316131001360702,0.000999388100213203,1.00100878575153
"baseline",4,"Curves","nu[7]",-2.52509311102694,-2.49531317878963,-2.80338082557089,-2.19204411720677,1,0.0297799322373153,0.000886844364059094,1.00010668336315
"baseline",4,"Curves","nu[8]",-2.80128861364702,-2.61847734384154,-3.29740222972341,-1.90314322387831,1,0.182811269805482,0.0334199603678926,0.99999908753285
"baseline",4,"Speed","z[i] (mean over subjects)",NA,NA,NA,NA,0.940962761126249,-0.0148311839946544,0.740921468542293,NA
"baseline",5,"Susceptibility","phi[1]",1.08980037402953,1.31618567418733,1.05458049139362,1.61976587879035,1,0.226385300157801,0.0512503041275377,1.14780631349637
"baseline",5,"Susceptibility","phi[2]",1.67204988000556,1.27217651042931,0.856904218277932,1.71520620233127,1,-0.399873369576258,0.159898711696271,1.0130576530387
"baseline",5,"Susceptibility","phi[3]",0.399096640584437,0.282074534835798,-0.111929520284369,0.687069026148059,1,-0.117022105748638,0.0136941732338455,1.00168240416405
"baseline",5,"Departure age","gamma[1]",3.65560653400874,3.57682097514182,3.44294505666461,3.67025494423541,1,-0.0787855588669153,0.00620716428597218,1.26830832570867
"baseline",5,"Departure age","gamma[2]",-0.314047695504021,-0.359094851609731,-0.450467670355186,-0.28420522449088,1,-0.0450471561057105,0.00202924627321225,1.09703386965938
"baseline",5,"Departure age","gamma[3]",-0.0494202519535815,-0.0873098855724641,-0.175088262167201,-0.0152088300772648,1,-0.0378896336188826,0.00143562433577316,1.05309679904635
"baseline",5,"Departure age","sigma_alpha",0.28604674544834,0.244229532218058,0.206545810109041,0.294770973926452,1,-0.0418172132302823,0.00174867932234689,1.04604162893689
"baseline",5,"Speed","psi[1]",0.0882426605274592,0.188162370070859,0.0409946335704722,0.356218682164934,1,0.0999197095434001,0.00998394835523744,1.0074393018347
"baseline",5,"Speed","psi[2]",-0.102095065486953,-0.130776690739495,-0.248254415202161,-0.0060087484087725,1,-0.0286816252525413,0.000822635627127217,1.02214418525865
"baseline",5,"Speed","sigma_delta",0.460090089903238,0.570174661278582,0.470041693222367,0.676111752718051,0,0.110084571375344,0.0121186128548932,1.06745429763162
"baseline",5,"Floor","mu_b",0.584557635418273,0.577529234830547,0.569829428088315,0.583305231622774,0,-0.00702840058772602,4.93984148215475e-05,1.21111974566135
"baseline",5,"Floor","sigma_b",0.0592644146894745,0.0634860457102834,0.0564747093136051,0.0720624985684137,1,0.00422163102080893,1.78221684758563e-05,1.01929545517206
"baseline",5,"Curves","theta[2]",-6.21263390401872,-7.12838618264317,-9.66107057105946,-4.83314774006227,1,-0.915752278624451,0.838602235805874,1.03307161134194
"baseline",5,"Curves","theta[3]",-6.10859599224206,-6.92200101106223,-7.72961489222477,-5.81646615588824,1,-0.813405018820165,0.661627724641834,1.17925128588851
"baseline",5,"Curves","theta[4]",-3.28680662034023,-2.99319182788875,-3.38406257297449,-2.59337235241699,1,0.293614792451481,0.0862096463463263,1.03179105943662
"baseline",5,"Curves","theta[5]",-3.55155868445867,-3.79084601685492,-4.17624855803273,-3.43950192674734,1,-0.239287332396248,0.0572584274453126,1.09110764178301
"baseline",5,"Curves","theta[6]",-3.95995104089809,-3.85908216039583,-4.29322157735282,-3.41788763968443,1,0.100868880502257,0.0101745310537785,1.01005180837408
"baseline",5,"Curves","theta[7]",-4.77873484532785,-5.23277275876016,-5.87801885884651,-4.63021284920694,1,-0.454037913432312,0.206150426833968,1.01320512578034
"baseline",5,"Curves","theta[8]",-6.16014409410485,-6.8308566720808,-8.20130245941396,-5.59964499919716,1,-0.670712577975952,0.449855362255147,1.01990309868254
"baseline",5,"Curves","theta[9]",-6.62907904171289,-7.5770962406768,-12.4797675742218,-5.35110863588953,1,-0.94801719896391,0.898736609531377,1.00235118187047
"baseline",5,"Curves","theta[10]",-6.74688031695603,-7.72724428501187,-14.5551019841898,-3.69170442862182,1,-0.98036396805584,0.961113509862193,1.00318293527502
"baseline",5,"Curves","nu[1]",-3.69613852516331,-4.08368383207083,-4.9983174780138,-3.17212465589935,1,-0.38754530690752,0.150191364906044,1.00012245417321
"baseline",5,"Curves","nu[2]",-3.79376255882412,-4.1591566500677,-4.68424584568537,-3.63930639274793,1,-0.365394091243575,0.133512841915718,1.00006278420944
"baseline",5,"Curves","nu[3]",-3.93266971634652,-3.95978663251518,-4.18108566313578,-3.73313980459076,1,-0.0271169161686631,0.000735327142498301,1.00475177479268
"baseline",5,"Curves","nu[4]",-3.71282936723986,-3.72493040156967,-3.87352051399653,-3.57900307858203,1,-0.0121010343298042,0.000146435031851101,1.01683841540502
"baseline",5,"Curves","nu[5]",-3.0422651272377,-3.1341319949031,-3.34368351213741,-2.9251114118209,1,-0.0918668676653938,0.00843952137465097,1.00454617570436
"baseline",5,"Curves","nu[6]",-2.41881697139963,-2.40851747918961,-2.6963629840246,-2.12441601415938,1,0.0102994922100126,0.00010607953978411,1.00178982150799
"baseline",5,"Curves","nu[7]",-2.52509311102694,-2.56749314867052,-2.90983865061428,-2.2255134402977,1,-0.0424000376435805,0.00179776319217704,1.00122318706669
"baseline",5,"Curves","nu[8]",-2.80128861364702,-2.60899103751469,-3.40702275357527,-1.79654497511364,1,0.192297576132334,0.0369783577863709,1.00040466477834
"baseline",5,"Speed","z[i] (mean over subjects)",NA,NA,NA,NA,0.910990009082652,-0.0111745188373189,0.779265867701347,NA
